aac_2,aac_3,aac_13,dipep_31,dipep_48,dipep_191,dipep_211,dipep_280,pseudo_1,pseudo_2,pseudo_3,pseudo_4,pseudo_6,pseudo_7,pseudo_9,pseudo_10,pseudo_11,pseudo_13,pseudo_14,pseudo_15,pseudo_16,pseudo_20,comp_16,tran_18,dist_1,dist_2,dist_3,dist_10,dist_16,dist_17,dist_18,dist_29,dist_40,dist_47,dist_62,dist_72,dist_75,dist_76,dist_77,dist_78,dist_91,dist_93,ss_1,ss_5
0.029411764705882353,0.058823529411764705,0.0,0.0,0.030303030303030304,0.0,0.030303030303030304,0.0,2.0430088387208394,0.6810029462402798,1.3620058924805596,2.0430088387208394,2.724011784961119,0.0,0.0,1.3620058924805596,4.767020623681958,0.0,0.0,1.3620058924805596,2.0430088387208394,0.6810029462402798,0.5,0.18181818181818182,2.9411764705882355,29.41176470588235,55.88235294117647,97.05882352941177,2.9411764705882355,11.764705882352942,41.1764705882353,67.6470588235294,97.05882352941177,20.58823529411765,29.41176470588235,2.9411764705882355,100.0,5.882352941176471,29.41176470588235,64.70588235294117,5.882352941176471,50.0,0.27807486631016043,0.11764705882352941
0.058823529411764705,0.058823529411764705,0.0,0.0,0.030303030303030304,0.0,0.030303030303030304,0.0,1.9897789278641411,1.3265192852427607,1.3265192852427607,1.3265192852427607,2.6530385704855215,0.0,0.6632596426213804,1.9897789278641411,4.642817498349663,0.0,0.0,1.3265192852427607,0.6632596426213804,0.6632596426213804,0.5588235294117647,0.21212121212121213,5.882352941176471,35.294117647058826,55.88235294117647,85.29411764705883,11.764705882352942,20.58823529411765,44.11764705882353,38.23529411764706,85.29411764705883,17.647058823529413,5.882352941176471,11.764705882352942,100.0,2.9411764705882355,32.35294117647059,67.6470588235294,8.823529411764707,50.0,0.31283422459893045,0.11764705882352941
