aac_2,aac_3,aac_13,dipep_31,dipep_48,dipep_191,dipep_211,dipep_280,pseudo_1,pseudo_2,pseudo_3,pseudo_4,pseudo_6,pseudo_7,pseudo_9,pseudo_10,pseudo_11,pseudo_13,pseudo_14,pseudo_15,pseudo_16,pseudo_20,comp_16,tran_18,dist_1,dist_2,dist_3,dist_10,dist_16,dist_17,dist_18,dist_29,dist_40,dist_47,dist_62,dist_72,dist_75,dist_76,dist_77,dist_78,dist_91,dist_93,ss_1,ss_5
0.0,0.058823529411764705,0.058823529411764705,0.0,0.0,0.0,0.0,0.0,1.871597704801144,0.0,1.2477318032007627,0.0,1.2477318032007627,0.6238659016003814,0.0,1.2477318032007627,1.871597704801144,1.2477318032007627,0.6238659016003814,0.6238659016003814,0.6238659016003814,0.0,0.5,0.24242424242424243,5.882352941176471,14.705882352941176,47.05882352941177,97.05882352941177,20.58823529411765,26.470588235294116,44.11764705882353,64.70588235294117,97.05882352941177,26.470588235294116,14.705882352941176,47.05882352941177,88.23529411764706,2.9411764705882355,26.470588235294116,47.05882352941177,8.823529411764707,44.11764705882353,0.1925133689839572,0.0
0.0,0.016666666666666666,0.0,0.0,0.0,0.0,0.0,0.0,13.323225476826245,0.0,0.8882150317884164,0.0,0.0,0.0,0.0,2.664645095365249,2.664645095365249,0.0,0.0,2.664645095365249,7.9939352860957475,5.329290190730498,0.3,0.1694915254237288,15.0,15.0,15.0,100.0,1.6666666666666667,20.0,48.333333333333336,0.0,100.0,21.666666666666668,0.0,0.0,0.0,5.0,16.666666666666668,31.666666666666668,1.6666666666666667,43.333333333333336,0.047740112994350284,0.13333333333333333
